DNI,nombre,apellidos,telefono,email,codigo_vuelo
32296964P,Ana,González López,612345748,anagl@gmail.com,VM001
85777105Q,Luis,Rodríguez Gómez,612345649,luisrg@gmail.com,VM002
19906065F,Carlos,Pérez Sánchez,612345550,carlosps@gmail.com,VM003
99180621P,María,Martínez Martínez,612345451,mariamm@gmail.com,VM004
70532375P,Pedro,López Rodríguez,612345352,pedrolr@gmail.com,VM005
25166071E,Sofía,Sánchez Hernández,612345253,sofiash@gmail.com,VM006
35934673F,Juan,García González,612345154,juangg@gmail.com,VM007
44906189F,Lucía,Fernández Álvarez,612345055,luciafa@gmail.com,VM008
12574956D,Miguel,Díaz Díaz,612344956,migueldd@gmail.com,VM009
86444101A,Isabel,Álvarez Pérez,612344857,isabelap@gmail.com,VM010
64206414A,David,Moreno Fernández,612344758,davidmf@gmail.com,VM011
15855979V,Carmen,Romero Vázquez,612344659,carmenrv@gmail.com,VM012
89871069B,José,Jiménez López,612344560,josejl@gmail.com,VM013
93096056V,Laura,Méndez Moreno,612344461,lauramm@gmail.com,VM014
41635118B,Antonio,Vázquez Romero,612344362,antoniovr@gmail.com,VM015
99390926K,Marta,Ruiz García,612344263,martarg@gmail.com,VM016
24972207D,Javier,Hernández Jiménez,612344164,javierhj@gmail.com,VM017
54957842T,Elena,Torres Méndez,612344065,elenatm@gmail.com,VM018
25869560K,Manuel,Ramírez Vidal,612343966,manuelrv@gmail.com,VM019
99866127H,Sara,Serrano Ruiz,612343867,sarasr@gmail.com,VM020
27380451P,Francisco,Blanco Torres,612343768,franciscobt@gmail.com,VM021
20999176H,Raquel,Cruz Ríos,612343669,raquelcr@gmail.com,VM022
26228215J,José Luis,Muñoz Reyes,612343570,jose luismr@gmail.com,VM023
26136024F,Paula,Moreno Serrano,612343471,paulams@gmail.com,VM024
25098156N,José Antonio,Gómez Cruz,612343372,jose antoniogc@gmail.com,VM025
21489050L,Alba,Jiménez Blanco,612343273,albajb@gmail.com,VM026
16842537I,Pablo,Marín Navarro,612343174,pablomn@gmail.com,VM027
31382529Z,Adriana,Reyes Castro,612343075,adrianarc@gmail.com,VM001
31420195U,Jorge,Navarro Ramos,612342976,jorgenr@gmail.com,VM002
56403416Z,Cristina,Castro Cordero,612342877,cristinacc@gmail.com,VM003
54441418D,Héctor,Salazar Gómez,612342778,hectorsg@gmail.com,VM004
17249092D,Verónica,Ríos Pascual,612342679,veronicarp@gmail.com,VM005
49222294I,Daniel,Vidal Ortega,612342580,danielvo@gmail.com,VM006
16079144W,Patricia,Domínguez Vázquez,612342481,patriciadv@gmail.com,VM007
88180187O,Rubén,Guerrero Santos,612342382,rubengs@gmail.com,VM008
89637829K,Beatriz,Nieto Muñoz,612342283,beatriznm@gmail.com,VM009
89552994M,Óscar,Santos Moreno,612342184,oscarsm@gmail.com,VM010
29213658V,Monica,Pascual Gómez,612342085,monicapg@gmail.com,VM011
89958831P,Ricardo,Gallego Hernández,612341986,ricardogh@gmail.com,VM012
92921691T,Teresa,Gómez Vega,612341887,teresagv@gmail.com,VM013
14135875Q,Sergio,Cordero Ríos,612341788,sergiocr@gmail.com,VM014
57358031E,Alicia,Ramos Jiménez,612341689,aliciarj@gmail.com,VM015
79349463H,Jaime,Ortega Tirado,612341590,jaimeot@gmail.com,VM016
49993626R,Sandra,Llamas Serrano,612341491,sandrals@gmail.com,VM017
77856307J,José María,Velázquez Velázquez,612341392,jose mariavv@gmail.com,VM018
75750690H,Martín,Benítez Núñez,612341293,martinbn@gmail.com,VM019
19522318M,Sofía,Álvarez Hidalgo,612341194,sofiaah@gmail.com,VM020
70261993X,Rafael,Muñoz Vázquez,612341095,rafaelmv@gmail.com,VM021
49903094L,Raúl,Gutiérrez Caballero,612340996,raulgc@gmail.com,VM022
70809624A,Natalia,Martín Lozano,612340897,nataliaml@gmail.com,VM023
96920351O,Luis Miguel,Pardo Zapata,612340798,luis miguelpz@gmail.com,VM024
54340437M,Marina,Álvarez Montoya,612340699,marinaam@gmail.com,VM025
44274108V,Guillermo,Vázquez Alonso,612340600,guillermova@gmail.com,VM026
47541040F,Esther,López Castaño,612340501,estherlc@gmail.com,VM027
67219700G,Felipe,Tirado Gálvez,612340402,felipetg@gmail.com,VM001
54507091Y,Mónica,Soria López,612340303,monicasl@gmail.com,VM002
58604409O,Fernando,Mora Luna,612340204,fernandoml@gmail.com,VM003
55916223T,Virginia,Martín Barrio,612340105,virginiamb@gmail.com,VM004
70513487F,Antonio José,Vega Peña,612340006,antonio josevp@gmail.com,VM005
15645485P,Berta,Luna Olivares,612339907,bertalo@gmail.com,VM006
43860348Y,Tomás,Alonso Mora,612339808,tomasam@gmail.com,VM007
97798809I,Inés,Bravo Cano,612339709,inesbc@gmail.com,VM008
37042632N,Iván,Chávez González,612339610,ivancg@gmail.com,VM009
74083325P,Olga,Caballero Solano,612339511,olgacs@gmail.com,VM010
37907343B,Celia,Solano Arias,612339412,celiasa@gmail.com,VM011
26763884N,Álvaro,Herrera Serrano,612339313,alvarohs@gmail.com,VM012
44454619W,Elena,Ríos Molina,612339214,elenarm@gmail.com,VM013
64273665N,Ramón,Núñez Méndez,612339115,ramonnm@gmail.com,VM014
50551856S,Isabel,León Moral,612339016,isabellm@gmail.com,VM015
36474427T,Ángela,Gallego Bravo,612338917,angelagb@gmail.com,VM016
69575399L,Andrés,Lozano Vázquez,612338818,andreslv@gmail.com,VM017
54138077I,Clara,Rojas Escudero,612338719,clarare@gmail.com,VM018
54623128R,Pedro José,Carreño Pérez,612338620,pedro josecp@gmail.com,VM019
93444421Q,Juliana,Ruiz Castellanos,612338521,julianarc@gmail.com,VM020
18790086G,Cristian,Montoya González,612338422,cristianmg@gmail.com,VM021
58772195M,Montserrat,Álvarez Reyes,612338323,montserratar@gmail.com,VM022
37707578N,Alberto,Sánchez Pardo,612338224,albertosp@gmail.com,VM023
42567877G,Mercedes,Barrio Crespo,612338125,mercedesbc@gmail.com,VM024
40500830B,José Antonio,Olivares Rivas,612338026,jose antonioor@gmail.com,VM025
26091093N,Bea,Serrano Molina,612337927,beasm@gmail.com,VM026
22122579I,Joaquín,Hidalgo Mendoza,612337828,joaquinhm@gmail.com,VM027
64551386Y,Lucía,Zapata Peña,612337729,luciazp@gmail.com,VM001
94525932H,Ricardo,González Sánchez,612337630,ricardogs@gmail.com,VM002
32175315Z,Clara,López Torres,612337531,claralt@gmail.com,VM003
57306414N,Nuria,Arias Crespo,612337432,nuriaac@gmail.com,VM004
36188488I,Simón,Castaño Lozano,612337333,simoncl@gmail.com,VM005
47482220B,Esteban,Gálvez Molina,612337234,estebangm@gmail.com,VM006
38634539H,María Teresa,Mora Paniagua,612337135,maria teresamp@gmail.com,VM007
33190265K,Irene,Núñez Ríos,612337036,irenenr@gmail.com,VM008
28433410S,Antonio Manuel,Peña Parra,612336937,antonio manuelpp@gmail.com,VM009
80219852W,Leticia,García Ramírez,612336838,leticiagr@gmail.com,VM010
25477552T,Sara,Jiménez Alonso,612336739,saraja@gmail.com,VM011
23672721F,Daniela,Cano Serrano,612336640,danielacs@gmail.com,VM012
17784991D,Aarón,Escudero Santos,612336541,aarones@gmail.com,VM013
67958675G,Celia,Méndez Martín,612336442,celiamm@gmail.com,VM014
52428707K,Victoria,Cordero Chávez,612336343,victoriacc@gmail.com,VM015
94010467W,Silvia,Torres Alonso,612336244,silviata@gmail.com,VM016
26354569E,Luis Eduardo,Crespo Mora,612336145,luis eduardocm@gmail.com,VM017
98982668Y,Amparo,Vásquez López,612336046,amparovl@gmail.com,VM018
42012232N,Aroa,Ríos Carreño,612335947,aroarc@gmail.com,VM019
53530113M,Lourdes,Paniagua Moreno,612335848,lourdespm@gmail.com,VM020
29087174K,José Carlos,Pérez Molina,612335749,jose carlospm@gmail.com,VM021
85770687V,Paula,López Martínez,612335650,paulalm@gmail.com,VM022
36550542K,José Luis,Romero Vega,612335551,jose luisrv@gmail.com,VM023
37972087H,Raquel,Molina Ramírez,612335452,raquelmr@gmail.com,VM024
16724019B,Rosa,Hernández Serrano,612335353,rosahs@gmail.com,VM025
67593665Y,Sergio,Rivas Coronado,612335254,sergiorc@gmail.com,VM026
94930738G,Tomás,Castellanos Palma,612335155,tomascp@gmail.com,VM027
12594270T,Andrea,Parra Manzano,612335056,andreapm@gmail.com,VM001
66837543Z,Salvador,Mendoza Cuevas,612334957,salvadormc@gmail.com,VM002
11902301S,Vanessa,Pérez Ibáñez,612334858,vanessapi@gmail.com,VM003
11557605Z,Joaquín,Moral Peralta,612334759,joaquinmp@gmail.com,VM004
41583068E,Isidro,Martínez Pastor,612334660,isidromp@gmail.com,VM005
34238337V,Carmen,León Bermúdez,612334561,carmenlb@gmail.com,VM006
16239118K,Andrea,Vázquez Tovar,612334462,andreavt@gmail.com,VM007
79364729T,Rosa María,Hernández Esteban,612334363,rosa mariahe@gmail.com,VM008
15035324Z,Antonia,Ríos Villena,612334264,antoniarv@gmail.com,VM009
49941391H,César,Izquierdo Padilla,612334165,cesarip@gmail.com,VM010
95582539A,Julio,Aguirre Aragón,612334066,julioaa@gmail.com,VM011
23744494O,Catarina,Puerta Santana,612333967,catarinaps@gmail.com,VM012
35380715E,Felipe,Delgado Llorente,612333868,felipedl@gmail.com,VM013
65272095M,Lidia,Palacios Mejía,612333769,lidiapm@gmail.com,VM014
44843019R,Sara,Escobar Zamora,612333670,saraez@gmail.com,VM015
96875556D,María Isabel,Lara Quintana,612333571,maria isabellq@gmail.com,VM016
82474929V,Miguel Ángel,Villalobos Del Río,612333472,miguel angelvd@gmail.com,VM017
67175594G,Andrea,Carrasco Sevilla,612333373,andreacs@gmail.com,VM018
59153288L,Sandra,Soler Pardo,612333274,sandrasp@gmail.com,VM019
12594919O,Laura,Ferrer Moreno,612333175,laurafm@gmail.com,VM020
55543243Z,Álvaro,Aranda Pérez,612333076,alvaroap@gmail.com,VM021
47032176H,Claudia,Prado Santos,612332977,claudiaps@gmail.com,VM022
34987668K,Ángel,Pineda Santamaría,612332878,angelps@gmail.com,VM023
37118977P,Clara,Bautista Escalante,612332779,clarabe@gmail.com,VM024
47192973Y,Iván,Lázaro Medina,612332680,ivanlm@gmail.com,VM025
41545075L,Nerea,Rosales Figueroa,612332581,nerearf@gmail.com,VM026
68447680F,Óscar,Valencia Benítez,612332482,oscarvb@gmail.com,VM027